<layer>
  <name>GISPARCEL_PARENTFARM</name>
  <id>LayerInfoImpl--1b41ac1d:18b19be7d36:-7ff5</id>
  <type>VECTOR</type>
  <defaultStyle>
    <id>StyleInfoImpl-4d4b02b7:18b15355d6e:-7fe5</id>
  </defaultStyle>
  <styles class="linked-hash-set">
    <style>
      <id>StyleInfoImpl-4d4b02b7:18b15355d6e:-7fe9</id>
    </style>
  </styles>
  <resource class="featureType">
    <id>FeatureTypeInfoImpl--1b41ac1d:18b19be7d36:-7ff6</id>
  </resource>
  <attribution>
    <logoWidth>0</logoWidth>
    <logoHeight>0</logoHeight>
  </attribution>
  <dateCreated>2023-10-10 16:08:15.154 UTC</dateCreated>
</layer>