<layer>
  <name>GISPARCEL_ERF</name>
  <id>LayerInfoImpl--1b41ac1d:18b19be7d36:-7ffb</id>
  <type>VECTOR</type>
  <defaultStyle>
    <id>StyleInfoImpl-4d4b02b7:18b15355d6e:-7fdd</id>
  </defaultStyle>
  <styles class="linked-hash-set">
    <style>
      <id>StyleInfoImpl-4d4b02b7:18b15355d6e:-7fdd</id>
    </style>
  </styles>
  <resource class="featureType">
    <id>FeatureTypeInfoImpl--1b41ac1d:18b19be7d36:-7ffc</id>
  </resource>
  <attribution>
    <logoWidth>0</logoWidth>
    <logoHeight>0</logoHeight>
  </attribution>
  <dateCreated>2023-10-10 15:58:01.411 UTC</dateCreated>
  <dateModified>2023-10-10 16:47:14.445 UTC</dateModified>
</layer>