<layer>
  <name>GISPARCEL_FARMPORTION</name>
  <id>LayerInfoImpl--1b41ac1d:18b19be7d36:-7ff8</id>
  <type>VECTOR</type>
  <defaultStyle>
    <id>StyleInfoImpl-4d4b02b7:18b15355d6e:-7fdf</id>
  </defaultStyle>
  <styles class="linked-hash-set">
    <style>
      <id>StyleInfoImpl-4d4b02b7:18b15355d6e:-7fdf</id>
    </style>
  </styles>
  <resource class="featureType">
    <id>FeatureTypeInfoImpl--1b41ac1d:18b19be7d36:-7ff9</id>
  </resource>
  <attribution>
    <logoWidth>0</logoWidth>
    <logoHeight>0</logoHeight>
  </attribution>
  <dateCreated>2023-10-10 16:03:12.478 UTC</dateCreated>
</layer>