<layer>
  <name>AdminRegion</name>
  <id>LayerInfoImpl--7d8b6a16:18b15b2002a:-5221</id>
  <type>VECTOR</type>
  <defaultStyle>
    <id>StyleInfoImpl-4d4b02b7:18b15355d6e:-7fd9</id>
  </defaultStyle>
  <styles class="linked-hash-set">
    <style>
      <id>StyleInfoImpl-4d4b02b7:18b15355d6e:-7fd9</id>
    </style>
  </styles>
  <resource class="featureType">
    <id>FeatureTypeInfoImpl--7d8b6a16:18b15b2002a:-5222</id>
  </resource>
  <attribution>
    <logoWidth>0</logoWidth>
    <logoHeight>0</logoHeight>
  </attribution>
  <dateCreated>2023-10-09 19:46:41.853 UTC</dateCreated>
</layer>