<featureType>
  <id>FeatureTypeInfoImpl--1f036328:18b1faf4614:-2b11</id>
  <name>V2_GIS_RESERVATION</name>
  <nativeName>V_GIS_RESERVATION</nativeName>
  <namespace>
    <id>NamespaceInfoImpl-4d4b02b7:18b15355d6e:-7ffc</id>
  </namespace>
  <title>V2_GIS_RESERVATION</title>
  <keywords>
    <string>features</string>
    <string>V_GIS_RESERVATION</string>
  </keywords>
  <srs>EPSG:4326</srs>
  <nativeBoundingBox>
    <minx>30.5332072645037</minx>
    <maxx>30.7957050498482</maxx>
    <miny>-30.2063989117803</miny>
    <maxy>-28.0827972745745</maxy>
  </nativeBoundingBox>
  <latLonBoundingBox>
    <minx>30.5332072645037</minx>
    <maxx>30.7957050498482</maxx>
    <miny>-30.2063989117803</miny>
    <maxy>-28.0827972745745</maxy>
    <crs>EPSG:4326</crs>
  </latLonBoundingBox>
  <projectionPolicy>FORCE_DECLARED</projectionPolicy>
  <enabled>true</enabled>
  <metadata>
    <entry key="elevation">
      <dimensionInfo>
        <enabled>false</enabled>
      </dimensionInfo>
    </entry>
    <entry key="cacheAgeMax">20000</entry>
    <entry key="time">
      <dimensionInfo>
        <enabled>false</enabled>
      </dimensionInfo>
    </entry>
    <entry key="cachingEnabled">false</entry>
  </metadata>
  <store class="dataStore">
    <id>DataStoreInfoImpl--7d8b6a16:18b15b2002a:-7ffd</id>
  </store>
  <serviceConfiguration>false</serviceConfiguration>
  <simpleConversionEnabled>false</simpleConversionEnabled>
  <maxFeatures>20000</maxFeatures>
  <numDecimals>20000</numDecimals>
  <padWithZeros>false</padWithZeros>
  <forcedDecimal>true</forcedDecimal>
  <overridingServiceSRS>false</overridingServiceSRS>
  <skipNumberMatched>false</skipNumberMatched>
  <circularArcPresent>false</circularArcPresent>
</featureType>