<layer>
  <name>V2_GIS_RESERVATION</name>
  <id>LayerInfoImpl--1f036328:18b1faf4614:-2b10</id>
  <type>VECTOR</type>
  <defaultStyle>
    <id>StyleInfoImpl-4d4b02b7:18b15355d6e:-7fec</id>
  </defaultStyle>
  <styles class="linked-hash-set">
    <style>
      <id>StyleInfoImpl-4d4b02b7:18b15355d6e:-7fec</id>
    </style>
  </styles>
  <resource class="featureType">
    <id>FeatureTypeInfoImpl--1f036328:18b1faf4614:-2b11</id>
  </resource>
  <attribution>
    <logoWidth>0</logoWidth>
    <logoHeight>0</logoHeight>
  </attribution>
  <dateCreated>2023-10-11 19:09:08.664 UTC</dateCreated>
  <dateModified>2023-10-11 19:17:41.979 UTC</dateModified>
</layer>