<layer>
  <name>GISPARCEL_UNALIENATEDRIVERBED</name>
  <id>LayerInfoImpl--7d8b6a16:18b19058575:1827</id>
  <type>VECTOR</type>
  <defaultStyle>
    <id>StyleInfoImpl-4d4b02b7:18b15355d6e:-7ff8</id>
  </defaultStyle>
  <styles class="linked-hash-set">
    <style>
      <id>StyleInfoImpl-4d4b02b7:18b15355d6e:-7ff8</id>
    </style>
  </styles>
  <resource class="featureType">
    <id>FeatureTypeInfoImpl--7d8b6a16:18b19058575:1826</id>
  </resource>
  <attribution>
    <logoWidth>0</logoWidth>
    <logoHeight>0</logoHeight>
  </attribution>
  <dateCreated>2023-10-10 10:02:42.460 UTC</dateCreated>
  <dateModified>2023-10-10 21:10:20.506 UTC</dateModified>
</layer>