<featureType>
  <id>FeatureTypeInfoImpl--7d8b6a16:18b15b2002a:-4aef</id>
  <name>GISPARCEL_PUBLICPLACE</name>
  <nativeName>GISPARCEL</nativeName>
  <namespace>
    <id>NamespaceInfoImpl-4d4b02b7:18b15355d6e:-7ffc</id>
  </namespace>
  <title>GISPARCEL_PUBLICPLACE</title>
  <keywords>
    <string>features</string>
    <string>GISPARCEL</string>
  </keywords>
  <nativeCRS>GEOGCS[&quot;WGS 84&quot;, &#xd;
  DATUM[&quot;World Geodetic System 1984&quot;, &#xd;
    SPHEROID[&quot;WGS 84&quot;, 6378137.0, 298.257223563, AUTHORITY[&quot;EPSG&quot;,&quot;7030&quot;]], &#xd;
    AUTHORITY[&quot;EPSG&quot;,&quot;6326&quot;]], &#xd;
  PRIMEM[&quot;Greenwich&quot;, 0.0, AUTHORITY[&quot;EPSG&quot;,&quot;8901&quot;]], &#xd;
  UNIT[&quot;degree&quot;, 0.017453292519943295], &#xd;
  AXIS[&quot;Geodetic longitude&quot;, EAST], &#xd;
  AXIS[&quot;Geodetic latitude&quot;, NORTH], &#xd;
  AUTHORITY[&quot;EPSG&quot;,&quot;4326&quot;]]</nativeCRS>
  <srs>EPSG:4326</srs>
  <nativeBoundingBox>
    <minx>15.2023492642072</minx>
    <maxx>32.8914462659758</maxx>
    <miny>-34.8330442940589</miny>
    <maxy>-22.1259402247615</maxy>
    <crs>EPSG:4326</crs>
  </nativeBoundingBox>
  <latLonBoundingBox>
    <minx>15.2023492642072</minx>
    <maxx>32.8914462659758</maxx>
    <miny>-34.8330442940589</miny>
    <maxy>-22.1259402247615</maxy>
    <crs>EPSG:4326</crs>
  </latLonBoundingBox>
  <projectionPolicy>FORCE_DECLARED</projectionPolicy>
  <enabled>true</enabled>
  <metadata>
    <entry key="elevation">
      <dimensionInfo>
        <enabled>false</enabled>
      </dimensionInfo>
    </entry>
    <entry key="cacheAgeMax">20000</entry>
    <entry key="time">
      <dimensionInfo>
        <enabled>false</enabled>
      </dimensionInfo>
    </entry>
    <entry key="cachingEnabled">false</entry>
  </metadata>
  <store class="dataStore">
    <id>DataStoreInfoImpl--7d8b6a16:18b15b2002a:-7ffd</id>
  </store>
  <serviceConfiguration>false</serviceConfiguration>
  <simpleConversionEnabled>false</simpleConversionEnabled>
  <maxFeatures>20000</maxFeatures>
  <numDecimals>20000</numDecimals>
  <padWithZeros>false</padWithZeros>
  <forcedDecimal>false</forcedDecimal>
  <overridingServiceSRS>false</overridingServiceSRS>
  <skipNumberMatched>false</skipNumberMatched>
  <circularArcPresent>false</circularArcPresent>
</featureType>