<layer>
  <name>GISPARCEL_HOLDING</name>
  <id>LayerInfoImpl--7d8b6a16:18b19058575:182d</id>
  <type>VECTOR</type>
  <defaultStyle>
    <id>StyleInfoImpl-4d4b02b7:18b15355d6e:-7fe3</id>
  </defaultStyle>
  <styles class="linked-hash-set">
    <style>
      <id>StyleInfoImpl-4d4b02b7:18b15355d6e:-7fe3</id>
    </style>
  </styles>
  <resource class="featureType">
    <id>FeatureTypeInfoImpl--7d8b6a16:18b19058575:182c</id>
  </resource>
  <attribution>
    <logoWidth>0</logoWidth>
    <logoHeight>0</logoHeight>
  </attribution>
  <dateCreated>2023-10-10 12:46:28.742 UTC</dateCreated>
</layer>