<dataStore>
  <id>DataStoreInfoImpl--7d8b6a16:18b15b2002a:-7ffd</id>
  <name>CSG_ORACLE</name>
  <description>CSG_ORACLE</description>
  <type>Oracle NG</type>
  <enabled>true</enabled>
  <workspace>
    <id>WorkspaceInfoImpl-4d4b02b7:18b15355d6e:-7ffd</id>
  </workspace>
  <connectionParameters>
    <entry key="schema">GISDEV</entry>
    <entry key="Evictor run periodicity">300</entry>
    <entry key="Estimated extends">true</entry>
    <entry key="Max open prepared statements">50</entry>
    <entry key="fetch size">1000</entry>
    <entry key="Expose primary keys">false</entry>
    <entry key="validate connections">true</entry>
    <entry key="Connection timeout">20</entry>
    <entry key="Batch insert size">1</entry>
    <entry key="Metadata bbox">false</entry>
    <entry key="database">GISDEV</entry>
    <entry key="port">1521</entry>
    <entry key="passwd">crypt1:HBL7xKM8QrZyKwYl6wKuktEhH/J+4TG3</entry>
    <entry key="min connections">1</entry>
    <entry key="host">10.1.15.92</entry>
    <entry key="Loose bbox">true</entry>
    <entry key="dbtype">oracle</entry>
    <entry key="namespace">CSG</entry>
    <entry key="max connections">10</entry>
    <entry key="Evictor tests per run">3</entry>
    <entry key="Test while idle">true</entry>
    <entry key="user">gisuat</entry>
    <entry key="Max connection idle time">300</entry>
  </connectionParameters>
  <__default>false</__default>
  <dateCreated>2023-10-09 18:41:46.948 UTC</dateCreated>
  <dateModified>2025-10-05 08:10:08.597 UTC</dateModified>
</dataStore>