<layer>
  <name>GISPARCEL_UNALIENATEDSTATELAND</name>
  <id>LayerInfoImpl--7d8b6a16:18b15b2002a:-4ab9</id>
  <type>VECTOR</type>
  <defaultStyle>
    <id>StyleInfoImpl-4d4b02b7:18b15355d6e:-7ffa</id>
  </defaultStyle>
  <styles class="linked-hash-set">
    <style>
      <id>StyleInfoImpl-4d4b02b7:18b15355d6e:-7ffa</id>
    </style>
  </styles>
  <resource class="featureType">
    <id>FeatureTypeInfoImpl--7d8b6a16:18b15b2002a:-4aba</id>
  </resource>
  <attribution>
    <logoWidth>0</logoWidth>
    <logoHeight>0</logoHeight>
  </attribution>
  <dateCreated>2023-10-10 09:47:44.891 UTC</dateCreated>
  <dateModified>2023-10-10 21:11:42.327 UTC</dateModified>
</layer>