<layerGroup>
  <id>LayerGroupInfoImpl--7d8b6a16:18b15b2002a:-7bfe</id>
  <name>CSG_GROUP</name>
  <mode>SINGLE</mode>
  <title>CSG_GROUP</title>
  <workspace>
    <id>WorkspaceInfoImpl-4d4b02b7:18b15355d6e:-7ffd</id>
  </workspace>
  <publishables>
    <published type="layer">
      <id>LayerInfoImpl--7d8b6a16:18b15b2002a:-7c09</id>
    </published>
    <published type="layer">
      <id>LayerInfoImpl--7d8b6a16:18b15b2002a:-7ffa</id>
    </published>
    <published type="layer">
      <id>LayerInfoImpl--7d8b6a16:18b15b2002a:-4e4f</id>
    </published>
    <published type="layer">
      <id>LayerInfoImpl--7d8b6a16:18b15b2002a:-7bac</id>
    </published>
    <published type="layer">
      <id>LayerInfoImpl--7d8b6a16:18b15b2002a:-5221</id>
    </published>
  </publishables>
  <styles>
    <style>
      <id>StyleInfoImpl-4d4b02b7:18b15355d6e:-7fe7</id>
    </style>
    <style>
      <id>StyleInfoImpl-4d4b02b7:18b15355d6e:-7fdb</id>
    </style>
    <style>
      <id>StyleInfoImpl-4d4b02b7:18b15355d6e:-7fe1</id>
    </style>
    <style>
      <id>StyleInfoImpl-4d4b02b7:18b15355d6e:-7ff6</id>
    </style>
    <style>
      <id>StyleInfoImpl-4d4b02b7:18b15355d6e:-7fd9</id>
    </style>
  </styles>
  <bounds>
    <minx>16.4473173574835</minx>
    <maxx>32.944984945</maxx>
    <miny>-34.8341700029999</miny>
    <maxy>-22.1250300577909</maxy>
    <crs>EPSG:4326</crs>
  </bounds>
  <dateCreated>2023-10-09 19:03:42.456 UTC</dateCreated>
  <dateModified>2023-10-09 20:06:46.614 UTC</dateModified>
</layerGroup>